{
  "T_BG01": {
    "mean": Infinity,
    "median": 200.94412231445312,
    "std": NaN,
    "q025": 0.0,
    "q975": NaN
  },
  "T_CORE": {
    "mean": 98619.9453125,
    "median": 98618.2421875,
    "std": 281.4649658203125,
    "q025": 98070.7421875,
    "q975": 99174.9375
  },
  "T_SOUTH_LOW": {
    "mean": 14127.150390625,
    "median": 14127.1513671875,
    "std": 0.7592565417289734,
    "q025": 14125.65625,
    "q975": 14128.6337890625
  },
  "T_SOUTH_MID": {
    "mean": 10982.4765625,
    "median": 10982.4755859375,
    "std": 0.31416064500808716,
    "q025": 10981.857421875,
    "q975": 10983.09375
  },
  "T_EAST": {
    "mean": 3375.74267578125,
    "median": 3375.742431640625,
    "std": 0.009312768466770649,
    "q025": 3375.72314453125,
    "q975": 3375.76171875
  },
  "T_INT": {
    "mean": 21943.4375,
    "median": 21943.35546875,
    "std": 21.63296127319336,
    "q025": 21901.123046875,
    "q975": 21985.7734375
  },
  "T_CENTRAL": {
    "mean": 2967.381103515625,
    "median": 2967.380126953125,
    "std": 0.17679578065872192,
    "q025": 2967.03369140625,
    "q975": 2967.729736328125
  },
  "T_PYRENEES": {
    "mean": 3963.40478515625,
    "median": 3963.408447265625,
    "std": 0.3627590835094452,
    "q025": 3962.697998046875,
    "q975": 3964.115234375
  },
  "N_BG01": {
    "mean": 147.25767517089844,
    "median": 147.22552490234375,
    "std": 3.2420358657836914,
    "q025": 141.00209045410156,
    "q975": 153.7027587890625
  },
  "N_SOUTH_LOW": {
    "mean": 183146.453125,
    "median": 182748.5,
    "std": 13346.3642578125,
    "q025": 158240.796875,
    "q975": 210650.5625
  },
  "N_SOUTH_MID": {
    "mean": 1459013287936.0,
    "median": 2442.818359375,
    "std": 298447680831488.0,
    "q025": 0.004425668157637119,
    "q975": 1293815808.0
  },
  "N_EAST": {
    "mean": 4075746.0,
    "median": 3887837.5,
    "std": 1275222.375,
    "q025": 2154548.5,
    "q975": 7098133.5
  },
  "N_INT": {
    "mean": 1.3734486103057861,
    "median": 1.3631012439727783,
    "std": 0.17057478427886963,
    "q025": 1.0679855346679688,
    "q975": 1.7365050315856934
  },
  "N_CENTRAL": {
    "mean": 11070.751953125,
    "median": 6441.755859375,
    "std": 15151.3642578125,
    "q025": 847.66455078125,
    "q975": 50011.3515625
  },
  "N_PYRENEES": {
    "mean": 1243434.25,
    "median": 125400.25,
    "std": 8734694.0,
    "q025": 1868.7392578125,
    "q975": 8419503.0
  },
  "BN_TIME_FRAC_BG01": {
    "mean": 0.1336754858493805,
    "median": 0.12752680480480194,
    "std": 0.044898614287376404,
    "q025": 0.06386908888816833,
    "q975": 0.23896929621696472
  },
  "BN_SIZE_FRAC_BG01": {
    "mean": 0.16746267676353455,
    "median": 0.1557048261165619,
    "std": 0.07183854281902313,
    "q025": 0.06204531714320183,
    "q975": 0.33957695960998535
  },
  "BN_DUR_BG01": {
    "mean": 296.14385986328125,
    "median": 296.09771728515625,
    "std": 6.233173370361328,
    "q025": 283.99200439453125,
    "q975": 308.5694885253906
  },
  "BN_TIME_FRAC_SOUTH_LOW": {
    "mean": 0.6743685007095337,
    "median": 0.6745460033416748,
    "std": 0.012058405205607414,
    "q025": 0.6504437327384949,
    "q975": 0.6977043151855469
  },
  "BN_SIZE_FRAC_SOUTH_LOW": {
    "mean": 0.07820504903793335,
    "median": 0.07296793162822723,
    "std": 0.031249532476067543,
    "q025": 0.03315393999218941,
    "q975": 0.15327784419059753
  },
  "BN_DUR_SOUTH_LOW": {
    "mean": 145.31764221191406,
    "median": 144.01797485351562,
    "std": 20.414613723754883,
    "q025": 109.54109191894531,
    "q975": 189.02139282226562
  },
  "BN_TIME_FRAC_SOUTH_MID": {
    "mean": 0.3525800108909607,
    "median": 0.339006632566452,
    "std": 0.13990014791488647,
    "q025": 0.12394025921821594,
    "q975": 0.6550722122192383
  },
  "BN_SIZE_FRAC_SOUTH_MID": {
    "mean": 0.15933650732040405,
    "median": 0.10523094981908798,
    "std": 0.1553598940372467,
    "q025": 0.009573149494826794,
    "q975": 0.5933658480644226
  },
  "BN_DUR_SOUTH_MID": {
    "mean": 12.557499885559082,
    "median": 9.166707992553711,
    "std": 11.783345222473145,
    "q025": 1.9005520343780518,
    "q975": 43.72286605834961
  },
  "BN_TIME_FRAC_EAST": {
    "mean": 0.3291935920715332,
    "median": 0.31159287691116333,
    "std": 0.14524491131305695,
    "q025": 0.09960518777370453,
    "q975": 0.651008665561676
  },
  "BN_SIZE_FRAC_EAST": {
    "mean": 0.4869495630264282,
    "median": 0.48218977451324463,
    "std": 0.2995946705341339,
    "q025": 0.02591954544186592,
    "q975": 0.9689826965332031
  },
  "BN_DUR_EAST": {
    "mean": 94.46283721923828,
    "median": 92.70295715332031,
    "std": 17.97190284729004,
    "q025": 64.15412902832031,
    "q975": 134.53045654296875
  },
  "BN_TIME_FRAC_CENTRAL": {
    "mean": 0.4931449592113495,
    "median": 0.4930576980113983,
    "std": 0.03643299639225006,
    "q025": 0.42188671231269836,
    "q975": 0.5644965171813965
  },
  "BN_SIZE_FRAC_CENTRAL": {
    "mean": 0.11658122390508652,
    "median": 0.11495525389909744,
    "std": 0.02077507972717285,
    "q025": 0.0807873010635376,
    "q975": 0.161596417427063
  },
  "BN_DUR_CENTRAL": {
    "mean": 30.417930603027344,
    "median": 27.17669677734375,
    "std": 15.343024253845215,
    "q025": 10.666265487670898,
    "q975": 69.8074722290039
  },
  "BN_TIME_FRAC_PYRENEES": {
    "mean": 0.5287884473800659,
    "median": 0.5511715412139893,
    "std": 0.32905998826026917,
    "q025": 0.015096982009708881,
    "q975": 0.9898261427879333
  },
  "BN_SIZE_FRAC_PYRENEES": {
    "mean": 0.39168453216552734,
    "median": 0.3902733623981476,
    "std": 0.05000040680170059,
    "q025": 0.2980685532093048,
    "q975": 0.49209722876548767
  },
  "BN_DUR_PYRENEES": {
    "mean": 93.24131774902344,
    "median": 93.08903503417969,
    "std": 4.647759437561035,
    "q025": 84.48574829101562,
    "q975": 102.67161560058594
  }
}