{
  "T_BG01": {
    "mean": 9874.249428441346,
    "median": 8850.18300882191,
    "std": 12746.362552994591,
    "q025": 84.73859819992137,
    "q975": 20571.443015652658
  },
  "T_CORE": {
    "mean": 14571.4676673652,
    "median": 12717.712545458038,
    "std": 26913.126623956043,
    "q025": 5600.174296170894,
    "q975": 23431.59271934732
  },
  "T_SOUTH_LOW": {
    "mean": 18981.138580273277,
    "median": 13189.321625545443,
    "std": 75358.34263662006,
    "q025": 6155.63383221001,
    "q975": 26401.35285967576
  },
  "T_SOUTH_MID": {
    "mean": 16385.699671298076,
    "median": 13597.134203231912,
    "std": 36265.1481388491,
    "q025": 6530.4514995387635,
    "q975": 24861.442093986698
  },
  "T_EAST": {
    "mean": 30260.422806467785,
    "median": 21863.16106688811,
    "std": 95050.8695238463,
    "q025": 12924.75987180145,
    "q975": 36101.95517402867
  },
  "T_INT": {
    "mean": 16897.289245461045,
    "median": 13227.422270766358,
    "std": 47736.40205864927,
    "q025": 6110.226185075317,
    "q975": 24897.644270273904
  },
  "T_CENTRAL": {
    "mean": 22990.6152679864,
    "median": 18332.27236495843,
    "std": 50953.95785016939,
    "q025": 11268.58765576552,
    "q975": 31583.30924438032
  },
  "T_PYRENEES": {
    "mean": 27598.98785235812,
    "median": 23424.992734469917,
    "std": 52922.21717536309,
    "q025": 14833.22679282584,
    "q975": 35912.89279723131
  },
  "N_BG01": {
    "mean": 102042.7589869023,
    "median": 102258.10162152107,
    "std": 8376.224579568156,
    "q025": 93675.15126069119,
    "q975": 108875.61726324592
  },
  "N_SOUTH_LOW": {
    "mean": 62906.84176232057,
    "median": 68027.39355566379,
    "std": 16189.052361329605,
    "q025": 24665.288722941757,
    "q975": 77488.03292730183
  },
  "N_SOUTH_MID": {
    "mean": 76822.15158370952,
    "median": 78148.86126693866,
    "std": 14631.349190979216,
    "q025": 39441.735956319266,
    "q975": 84694.41989051353
  },
  "N_EAST": {
    "mean": 24199.207733976746,
    "median": 24664.579571591777,
    "std": 12847.709955270686,
    "q025": 7229.286629439796,
    "q975": 31642.216293914284
  },
  "N_INT": {
    "mean": 49146.22911965446,
    "median": 49324.14048402515,
    "std": 11476.063211342735,
    "q025": 37470.59189214813,
    "q975": 60275.36979932491
  },
  "N_CENTRAL": {
    "mean": 18783.261455469248,
    "median": 14772.63876222695,
    "std": 16907.749568634077,
    "q025": 12382.650598659371,
    "q975": 50228.64397716376
  },
  "N_PYRENEES": {
    "mean": 21461.95622032015,
    "median": 16467.581762966045,
    "std": 18433.25383410027,
    "q025": 2847.9269917115203,
    "q975": 58487.6281449799
  },
  "BN_TIME_FRAC_BG01": {
    "mean": 0.11104070387564309,
    "median": 0.10291331715145911,
    "std": 0.07113355959806397,
    "q025": 0.08452114141178481,
    "q975": 0.24236641932451342
  },
  "BN_SIZE_FRAC_BG01": {
    "mean": 0.08952668360226046,
    "median": 0.09251994444524574,
    "std": 0.05753432336508733,
    "q025": 0.006500729330998885,
    "q975": 0.1686217866561393
  },
  "BN_DUR_BG01": {
    "mean": 4028.1429362752656,
    "median": 2665.8296932657995,
    "std": 22986.106981003537,
    "q025": 370.8932974836537,
    "q975": 5833.25255140628
  },
  "BN_TIME_FRAC_SOUTH_LOW": {
    "mean": 0.4471884466556088,
    "median": 0.530854518390331,
    "std": 0.14489579055213667,
    "q025": 0.11895109214998312,
    "q975": 0.6000891840690014
  },
  "BN_SIZE_FRAC_SOUTH_LOW": {
    "mean": 0.03511526461231506,
    "median": 0.019577873656699923,
    "std": 0.04926077359627341,
    "q025": 0.0002525578493470894,
    "q975": 0.1240921167524081
  },
  "BN_DUR_SOUTH_LOW": {
    "mean": 5445.050788219354,
    "median": 3772.330882277659,
    "std": 19356.87699337697,
    "q025": 549.6806493150825,
    "q975": 13801.723593535984
  },
  "BN_TIME_FRAC_SOUTH_MID": {
    "mean": 0.34893038247161773,
    "median": 0.3121950746680065,
    "std": 0.16628817440662683,
    "q025": 0.11050905500157923,
    "q975": 0.6112931805036504
  },
  "BN_SIZE_FRAC_SOUTH_MID": {
    "mean": 0.008017480535997056,
    "median": 0.0028587637269817338,
    "std": 0.03162716219506299,
    "q025": 0.00021642381587566568,
    "q975": 0.13590493658754677
  },
  "BN_DUR_SOUTH_MID": {
    "mean": 7989.616704704812,
    "median": 7224.273339145919,
    "std": 15011.589289412535,
    "q025": 518.9841908415376,
    "q975": 14692.82194380845
  },
  "BN_TIME_FRAC_EAST": {
    "mean": 0.35801012750242195,
    "median": 0.37112033888776297,
    "std": 0.15548470451042948,
    "q025": 0.09986270133191176,
    "q975": 0.6639434687913064
  },
  "BN_SIZE_FRAC_EAST": {
    "mean": 0.05239614175009659,
    "median": 0.016664328674577043,
    "std": 0.07419158571716358,
    "q025": 0.0015168796166786069,
    "q975": 0.2267472428679612
  },
  "BN_DUR_EAST": {
    "mean": 7208.996925821453,
    "median": 5505.868138666456,
    "std": 16295.972480854003,
    "q025": 440.23332588160275,
    "q975": 15188.004732438685
  },
  "BN_TIME_FRAC_CENTRAL": {
    "mean": 0.2846086952309729,
    "median": 0.3184312629568581,
    "std": 0.09429454341678595,
    "q025": 0.12056789639619932,
    "q975": 0.5196112719172186
  },
  "BN_SIZE_FRAC_CENTRAL": {
    "mean": 0.007925892882590917,
    "median": 0.0006955402777317153,
    "std": 0.0471708151968036,
    "q025": 0.0002867643026643684,
    "q975": 0.10662302637499477
  },
  "BN_DUR_CENTRAL": {
    "mean": 7540.903118878502,
    "median": 8684.469475365411,
    "std": 16522.691310397993,
    "q025": 302.27550897640566,
    "q975": 10042.622895057137
  },
  "BN_TIME_FRAC_PYRENEES": {
    "mean": 0.38128735401491026,
    "median": 0.4211363660859744,
    "std": 0.1992744885303436,
    "q025": 0.11813823165364341,
    "q975": 0.7430264420153078
  },
  "BN_SIZE_FRAC_PYRENEES": {
    "mean": 0.005852519011169578,
    "median": 0.0006561661190674702,
    "std": 0.03102086448067306,
    "q025": 0.0003270125370102968,
    "q975": 0.017760323064324974
  },
  "BN_DUR_PYRENEES": {
    "mean": 7476.8140599744465,
    "median": 5920.435758164023,
    "std": 16476.321250097884,
    "q025": 517.4945867350132,
    "q975": 16912.627101986294
  }
}